{"initial_reset_timestamp": 1589981502.512881, "timestamps": [1589981506.7975137], "episode_lengths": [1146], "episode_rewards": [400.0], "episode_types": ["t"]}