{"initial_reset_timestamp": 1590055103.0492241, "timestamps": [1590055105.9730313], "episode_lengths": [1408], "episode_rewards": [400.0], "episode_types": ["t"]}