{"initial_reset_timestamp": 1590401041.275123, "timestamps": [1590401046.4221675], "episode_lengths": [1374], "episode_rewards": [400.0], "episode_types": ["t"]}