{"initial_reset_timestamp": 1589961035.8541615, "timestamps": [1589961037.8822956], "episode_lengths": [708], "episode_rewards": [0.0], "episode_types": ["t"]}