{"initial_reset_timestamp": 1590695170.3615928, "timestamps": [1590695173.6513271], "episode_lengths": [887], "episode_rewards": [400.0], "episode_types": ["t"]}