{"initial_reset_timestamp": 1589723787.1223931, "timestamps": [1589723796.5237668], "episode_lengths": [12798], "episode_rewards": [4600.0], "episode_types": ["t"]}