{"initial_reset_timestamp": 1589991203.6488342, "timestamps": [1589991206.974954], "episode_lengths": [849], "episode_rewards": [0.0], "episode_types": ["t"]}