{"initial_reset_timestamp": 1589994591.3308928, "timestamps": [1589994622.93171], "episode_lengths": [1223], "episode_rewards": [400.0], "episode_types": ["t"]}