{"initial_reset_timestamp": 1589719054.2654364, "timestamps": [1589719061.876726], "episode_lengths": [3766], "episode_rewards": [0.0], "episode_types": ["t"]}