{"initial_reset_timestamp": 1589962832.9116094, "timestamps": [1589962834.6305063], "episode_lengths": [486], "episode_rewards": [0.0], "episode_types": ["t"]}